Source,Destination,Protocol,SrcPort,DstPort,DataSize,Duration
10.21.24.10,224.0.0.251,17,5353,5353,2707,143.462590
10.21.25.56,10.21.31.255,17,137,137,184,0.716784
10.21.30.19,224.0.0.251,17,5353,5353,6066,158.005016
10.21.30.19,10.21.31.255,17,5353,5353,6066,158.005016
10.21.25.167,103.181.164.189,6,9257,14560,728,57.616846
103.181.164.189,10.21.25.167,6,14560,9257,678,57.563780
0.0.0.0,255.255.255.255,17,68,67,21648,164.760681
10.21.31.75,224.0.0.251,2,0,0,1120,164.556540
10.21.31.75,224.0.0.251,17,5353,5353,117789,164.556601
10.21.24.194,224.0.0.251,17,5353,5353,1238,2.971490
10.21.25.167,113.57.56.233,6,17339,443,1234,149.982736
113.57.56.233,10.21.25.167,6,443,17339,5145,149.974303
10.21.25.56,10.21.31.255,17,138,138,7180,130.047301
10.21.28.36,255.255.255.255,17,12476,12476,2294,163.839420
10.21.31.16,239.255.255.250,17,53204,1900,6897,160.050213
10.21.25.167,103.181.164.189,6,5556,14560,306,56.888982
103.181.164.189,10.21.25.167,6,14560,5556,252,56.835691
103.181.164.189,10.21.25.167,6,14560,5555,180,0.056927
10.21.25.167,103.181.164.189,6,5555,14560,196,0.001000
10.21.31.216,224.0.0.251,17,5353,5353,7860,162.507548
10.21.31.52,224.0.0.251,17,5353,5353,7915,162.406508
10.21.26.176,224.0.0.251,17,37644,5353,891,100.043491
10.21.30.204,224.0.0.251,17,5353,5353,504,0.001000
10.21.25.167,103.181.164.189,6,22018,14560,4916,51.342556
10.21.30.27,224.0.0.251,17,5353,5353,637,148.885351
10.21.25.167,103.181.164.189,6,8276,14560,1074,0.107353
103.181.164.189,10.21.25.167,6,14560,22018,599,51.269224
103.181.164.189,10.21.25.167,6,14560,8276,426,0.108146
10.21.25.167,103.181.164.189,6,8278,14560,807,0.107402
10.21.25.167,4.145.79.82,6,49424,443,55,0.001000
103.181.164.189,10.21.25.167,6,14560,8278,366,0.107056
4.145.79.82,10.21.25.167,6,443,49424,66,0.001000
10.21.29.17,224.0.0.251,17,5353,5353,7650,160.051163
10.21.25.167,202.114.0.131,17,50147,53,702,88.423167
202.114.0.131,10.21.25.167,17,53,50147,1631,88.438902
10.21.25.167,113.56.147.188,6,8279,443,5924,20.995968
113.56.147.188,10.21.25.167,6,443,8279,7489,20.992576
10.21.28.176,224.0.0.251,17,53530,5353,1377,159.944731
10.21.29.154,224.0.0.251,17,43896,5353,2267,161.280326
10.21.31.92,224.0.0.251,17,5353,5353,8244,159.750112
10.21.26.179,224.0.0.251,17,5353,5353,9325,156.767682
10.21.24.78,224.0.0.251,17,5353,5353,8054,159.737893
10.21.27.36,224.0.0.251,17,5353,5353,5026,157.997209
10.21.24.57,224.0.0.251,17,5353,5353,8877,159.428765
10.21.25.96,224.0.0.251,17,5353,5353,6742,159.426957
10.21.30.91,224.0.0.251,17,5353,5353,6365,159.426957
10.21.24.19,239.255.255.250,17,2200,2200,12832,160.049848
10.21.26.74,10.21.31.255,17,137,137,276,1.535851
10.21.28.38,239.255.255.250,17,8852,1900,642,0.001000
10.21.29.94,255.255.255.255,17,4466,4466,13474,140.183466
10.21.29.94,255.255.255.255,17,0,0,9320,140.183929
10.21.25.167,103.181.164.189,6,47323,14560,4757,49.816280
103.181.164.189,10.21.25.167,6,14560,47323,1544,49.753966
10.21.25.93,224.0.0.251,17,5353,5353,730,1.134724
10.21.31.218,224.0.0.251,17,5353,5353,20523,150.018377
10.21.24.196,224.0.0.251,17,5353,5353,5853,128.609707
10.21.24.22,255.255.255.255,17,23456,23456,438,0.001000
10.21.25.158,224.0.0.251,17,42543,5353,1296,150.014486
10.21.30.107,224.0.0.251,17,48323,5353,1296,150.114308
10.21.25.167,113.57.56.109,6,13723,443,406,50.000235
113.57.56.109,10.21.25.167,6,443,13723,522,50.000635
10.21.24.196,239.255.255.250,17,14437,1900,642,0.001000
10.21.29.77,224.0.0.251,17,50969,5353,486,150.015418
10.21.29.154,224.0.0.251,17,5353,5353,952,139.981169
10.21.24.22,224.0.0.251,17,35619,5353,162,9.933075
10.21.24.101,255.255.255.255,17,4466,4466,13480,140.287112
10.21.24.101,255.255.255.255,17,0,0,3752,140.287365
10.21.30.25,239.255.255.250,17,58004,1900,143,0.001000
10.21.25.167,202.114.0.131,17,54061,53,633,80.756356
202.114.0.131,10.21.25.167,17,53,54061,1883,80.770157
10.21.25.167,27.148.200.220,6,4475,80,407,0.119369
10.21.25.167,119.91.240.3,6,4476,80,879,0.168843
27.148.200.220,10.21.25.167,6,80,4475,463,0.088639
119.91.240.3,10.21.25.167,6,80,4476,871,0.117347
10.21.30.25,239.255.255.250,17,2200,2200,81684,33.276671
10.21.26.74,239.255.255.250,17,54236,1900,848,3.071346
10.21.28.14,224.0.0.251,2,0,0,56,0.001000
10.21.28.14,224.0.0.251,17,5353,5353,686,0.922961
10.21.25.54,239.255.255.250,17,2200,2200,17115,2.457600
10.21.30.49,239.255.255.250,17,6896,1900,642,0.001000
10.21.30.172,239.255.255.250,17,13528,1900,642,0.001000
10.21.30.13,224.0.0.251,17,40656,5353,729,149.913582
10.21.25.55,239.255.255.250,17,59821,1900,848,3.070489
10.21.25.167,43.155.124.71,6,46857,8080,1680,120.300685
43.155.124.71,10.21.25.167,6,8080,46857,1648,120.205197
110.249.194.67,10.21.25.167,6,80,8274,120,0.029202
10.21.25.167,110.249.194.67,6,8274,80,108,0.001000
10.21.25.212,224.0.0.251,17,5353,5353,547,81.613627
110.249.194.67,10.21.25.167,6,80,8273,120,0.035947
10.21.25.167,110.249.194.67,6,8273,80,108,0.001000
10.21.27.232,239.255.255.250,17,54557,1900,848,3.073124
10.21.25.167,103.181.164.189,6,22019,14560,306,35.321960
10.21.30.6,224.0.0.251,17,5353,5353,7105,112.637731
103.181.164.189,10.21.25.167,6,14560,22019,312,35.323774
10.21.31.36,224.0.0.251,17,5353,5353,714,107.004457
103.181.164.189,10.21.25.167,6,14560,20585,281,0.115458
10.21.25.167,103.181.164.189,6,34378,14560,306,30.702025
10.21.25.167,103.181.164.189,6,20585,14560,250,0.065854
103.181.164.189,10.21.25.167,6,14560,34378,312,30.701473
10.21.25.167,103.181.164.189,6,37240,14560,2427,135.706068
103.181.164.189,10.21.25.167,6,14560,37240,6251,135.708594
103.181.164.189,10.21.25.167,6,14560,2899,221,0.054749
10.21.25.167,103.181.164.189,6,2899,14560,196,0.053582
10.21.25.167,103.181.164.189,6,4478,14560,1074,0.112668
103.181.164.189,10.21.25.167,6,14560,4478,426,0.104263
10.21.25.167,103.181.164.189,6,4480,14560,807,0.106139
103.181.164.189,10.21.25.167,6,14560,4480,426,0.110596
10.21.26.153,224.0.0.251,2,0,0,56,0.001000
10.21.26.153,224.0.0.251,17,5353,5353,1881,4.400367
10.21.25.167,103.181.164.189,6,33362,14560,305,30.094332
103.181.164.189,10.21.25.167,6,14560,33362,298,30.032174
10.21.25.167,103.181.164.189,6,40049,14560,306,32.885796
103.181.164.189,10.21.25.167,6,14560,40049,312,32.883338
10.21.25.167,103.181.164.189,6,63741,14560,196,0.056938
103.181.164.189,10.21.25.167,6,14560,63741,120,0.001390
10.21.28.94,10.21.31.255,17,5684,5684,47615,100.044437
10.21.25.167,49.4.17.106,6,30970,8883,417,123.086560
49.4.17.106,10.21.25.167,6,8883,30970,255,123.008365
10.21.28.38,239.255.255.250,17,9189,1900,642,0.001000
10.21.29.236,224.0.0.251,17,5353,5353,372,13.004850
10.21.25.167,103.181.164.189,6,1595,14560,2536,11.117746
103.181.164.189,10.21.25.167,6,14560,1595,4852,11.118890
10.21.24.156,224.0.0.251,17,5353,5353,2818,123.388967
10.21.25.173,255.255.255.255,17,68,67,342,0.001000
10.21.25.173,224.0.0.252,17,62667,5355,132,0.396360
10.21.24.197,10.21.31.255,17,137,137,552,14.752011
10.21.26.57,239.255.255.250,17,56687,1900,848,2.971162
10.21.25.167,113.57.56.232,6,27668,443,1035,0.055560
113.57.56.232,10.21.25.167,6,443,27668,6012,0.054013
10.21.26.152,224.0.0.251,17,5353,5353,2841,96.973153
10.21.26.152,10.21.31.255,17,138,138,6457,138.648354
10.21.25.56,224.0.0.251,17,5353,5353,2841,97.074002
10.21.25.167,103.181.164.189,6,17313,14560,275,120.248718
103.181.164.189,10.21.25.167,6,14560,17313,330,120.257684
10.21.25.167,103.181.164.189,6,17300,14560,275,120.258629
103.181.164.189,10.21.25.167,6,14560,17300,330,120.250712
10.21.28.96,239.255.255.250,17,63986,1900,848,2.978313
10.21.25.167,103.181.164.189,6,18776,14560,306,32.011249
10.21.28.58,224.0.0.251,17,5353,5353,2400,128.312713
10.21.25.167,103.181.164.189,6,9258,14560,306,31.995190
103.181.164.189,10.21.25.167,6,14560,18776,252,31.961971
103.181.164.189,10.21.25.167,6,14560,9258,252,31.941983
10.21.30.49,239.255.255.250,17,14102,1900,642,0.001000
10.21.28.58,224.0.0.252,17,56786,5355,148,0.408042
10.21.28.58,224.0.0.252,17,58432,5355,148,0.408042
10.21.25.167,103.181.164.189,6,17302,14560,6862,40.977185
10.21.30.172,239.255.255.250,17,15178,1900,642,0.001000
103.181.164.189,10.21.25.167,6,14560,17302,1287,40.924054
10.21.25.167,103.181.164.189,6,17329,14560,1180,120.766071
103.181.164.189,10.21.25.167,6,14560,17329,1265,120.665466
10.21.31.254,255.255.255.255,17,67,68,2052,131.678229
10.21.25.167,103.181.164.189,6,61364,14560,251,18.805958
103.181.164.189,10.21.25.167,6,14560,61364,186,18.751067
10.21.25.179,224.0.0.252,17,53812,5355,150,0.409551
10.21.25.167,103.181.164.189,6,37185,14560,251,23.477750
103.181.164.189,10.21.25.167,6,14560,37185,186,23.425191
10.21.25.179,224.0.0.251,17,5353,5353,3360,10.040081
10.21.25.8,255.255.255.255,17,4466,4466,911,40.140952
10.21.30.19,239.255.255.250,17,59408,1900,848,2.967705
10.21.25.179,10.21.31.255,17,137,137,1012,10.548597
10.21.25.179,224.0.0.252,17,52439,5355,128,0.510489
10.21.25.179,224.0.0.252,17,50807,5355,128,0.510639
10.21.25.179,224.0.0.252,17,64009,5355,128,0.510349
10.21.25.167,103.181.164.189,6,27670,14560,1074,0.114964
10.21.25.179,224.0.0.252,17,63118,5355,128,0.412896
103.181.164.189,10.21.25.167,6,14560,27670,426,0.116622
10.21.25.167,103.181.164.189,6,27672,14560,807,0.116922
103.181.164.189,10.21.25.167,6,14560,27672,426,0.113314
10.21.26.179,224.0.0.251,2,0,0,112,122.673751
10.21.28.38,239.255.255.250,17,1434,1900,642,0.001000
10.21.29.212,224.0.0.251,17,5353,5353,3655,121.856055
10.21.25.179,224.0.0.252,17,54202,5355,128,0.410132
10.21.25.179,224.0.0.252,17,49779,5355,128,0.410220
10.21.25.179,224.0.0.252,17,64540,5355,128,0.406370
10.21.25.179,224.0.0.252,17,63371,5355,128,0.407974
10.21.25.167,103.181.164.189,6,33000,14560,224632,15.529487
103.181.164.189,10.21.25.167,6,14560,33000,1252230,15.475627
10.21.30.49,239.255.255.250,17,13555,1900,642,0.001000
10.21.29.239,239.255.255.250,17,60423,1900,848,2.970654
10.21.30.172,239.255.255.250,17,11941,1900,642,0.001000
10.21.25.167,113.56.147.188,6,33001,443,2800,10.867796
113.56.147.188,10.21.25.167,6,443,33001,6230,10.865894
10.21.25.209,10.21.31.255,17,34218,5684,639,0.001000
10.21.25.209,10.21.31.255,17,56779,5684,639,0.001000
10.21.25.209,10.21.31.255,17,36219,5684,639,0.001000
119.3.160.204,10.21.25.167,6,11111,40759,265,120.057111
10.21.25.167,119.3.160.204,6,40759,11111,188,120.025014
10.21.25.167,103.181.164.189,6,25240,14560,3909,12.820150
103.181.164.189,10.21.25.167,6,14560,25240,4403,12.768048
10.21.25.209,10.21.31.255,17,56079,5684,639,0.001000
10.21.25.209,10.21.31.255,17,32957,5684,639,0.001000
10.21.25.167,103.181.164.189,6,9013,14560,6243,12.037041
10.21.25.167,103.181.164.189,6,11141,14560,17074,12.003580
103.181.164.189,10.21.25.167,6,14560,9013,6224,11.984705
10.21.26.63,239.255.255.250,17,60226,1900,876,2.968581
103.181.164.189,10.21.25.167,6,14560,11141,241114,11.953211
10.21.25.167,103.181.164.189,6,47675,14560,5233,11.817177
103.181.164.189,10.21.25.167,6,14560,47675,4832,11.765415
10.21.25.167,103.181.164.189,6,15155,14560,4062,11.676006
103.181.164.189,10.21.25.167,6,14560,15155,4207,11.622885
10.21.25.167,103.181.164.189,6,2589,14560,6777,11.335866
103.181.164.189,10.21.25.167,6,14560,2589,4915,11.282441
10.21.25.167,103.181.164.189,6,43867,14560,2857,11.079467
103.181.164.189,10.21.25.167,6,14560,43867,2521,11.017686
10.21.25.167,103.181.164.189,6,43869,14560,1074,0.110084
10.21.25.167,103.181.164.189,6,1778,14560,3795,10.675407
103.181.164.189,10.21.25.167,6,14560,43869,426,0.110294
103.181.164.189,10.21.25.167,6,14560,1778,3213,10.624470
10.21.25.167,103.181.164.189,6,1780,14560,807,0.104666
103.181.164.189,10.21.25.167,6,14560,1780,426,0.104785
10.21.25.167,103.181.164.189,6,51851,14560,6890,10.430553
103.181.164.189,10.21.25.167,6,14560,51851,4303,10.380317
10.21.25.226,239.255.255.250,17,50166,1900,349,0.001000
10.21.28.49,10.21.31.255,17,46587,5684,565,0.001000
10.21.31.17,224.0.0.251,17,5353,5353,402,0.921006
10.21.28.49,10.21.31.255,17,57709,5684,565,0.001000
10.21.31.17,10.21.31.255,17,137,137,276,1.535252
10.21.31.17,224.0.0.252,17,56060,5355,122,0.409823
10.21.31.17,224.0.0.252,17,59043,5355,122,0.409290
10.21.25.167,103.181.164.189,6,12881,14560,4338,9.287513
10.21.25.167,103.181.164.189,6,18848,14560,4157,9.285492
103.181.164.189,10.21.25.167,6,14560,12881,7962,9.236432
103.181.164.189,10.21.25.167,6,14560,18848,8292,9.233242
10.21.25.47,239.255.255.250,17,53284,1900,848,2.971221
10.21.28.49,10.21.31.255,17,43275,5684,565,0.001000
10.21.28.49,10.21.31.255,17,40254,5684,565,0.001000
10.21.25.226,239.255.255.250,17,49668,1900,349,0.001000
10.21.28.49,10.21.31.255,17,55901,5684,565,0.001000
10.21.25.167,103.181.164.189,6,51348,14560,6658,7.663482
103.181.164.189,10.21.25.167,6,14560,51348,30396,7.610213
10.21.25.167,103.181.164.189,6,18963,14560,3143,6.948136
103.181.164.189,10.21.25.167,6,14560,18963,3052,6.895227
10.21.24.98,239.255.255.250,17,10596,1900,642,0.001000
10.21.28.38,239.255.255.250,17,4310,1900,642,0.001000
10.21.25.167,103.181.164.189,6,40547,14560,6427,6.197819
103.181.164.189,10.21.25.167,6,14560,40547,26465,6.144307
10.21.25.167,103.181.164.189,6,7144,14560,6315,5.972041
103.181.164.189,10.21.25.167,6,14560,7144,6102,5.919045
10.21.25.167,103.181.164.189,6,43392,14560,5018,5.747749
10.21.25.167,103.181.164.189,6,43393,14560,5063,5.755839
103.181.164.189,10.21.25.167,6,14560,43392,4406,5.699530
103.181.164.189,10.21.25.167,6,14560,43393,4772,5.700728
10.21.25.167,103.181.164.189,6,11162,14560,6654,5.615094
103.181.164.189,10.21.25.167,6,14560,11162,92043,5.564430
10.21.25.167,103.181.164.189,6,49697,14560,4379,5.371161
103.181.164.189,10.21.25.167,6,14560,49697,3954,5.319170
10.21.25.167,103.181.164.189,6,65176,14560,4203,4.771412
10.21.25.167,103.181.164.189,6,65177,14560,518,0.112873
10.21.25.167,103.181.164.189,6,65178,14560,4162,4.756525
103.181.164.189,10.21.25.167,6,14560,65176,3874,4.719793
103.181.164.189,10.21.25.167,6,14560,65177,306,0.060100
103.181.164.189,10.21.25.167,6,14560,65178,4261,4.704149
10.21.25.167,103.181.164.189,6,45932,14560,7771,4.604506
103.181.164.189,10.21.25.167,6,14560,45932,6320,4.552415
10.21.25.167,103.181.164.189,6,63572,14560,6750,4.404884
103.181.164.189,10.21.25.167,6,14560,63572,4713,4.353266
10.21.26.178,224.0.0.251,2,0,0,112,5.527951
10.21.25.167,103.181.164.189,6,54517,14560,5346,0.526681
10.21.26.178,224.0.0.251,17,5353,5353,3053,9.525694
103.181.164.189,10.21.25.167,6,14560,54517,10938,0.474816
10.21.25.167,103.181.164.189,6,54518,14560,3127,90.716787
103.181.164.189,10.21.25.167,6,14560,54518,6671,90.714187
10.21.25.167,103.181.164.189,6,20565,14560,4477,80.924919
103.181.164.189,10.21.25.167,6,14560,20565,4194,80.873516
10.21.25.167,122.188.187.56,6,20566,443,1418,4.118291
122.188.187.56,10.21.25.167,6,443,20566,1733,4.113151
10.21.25.167,103.181.164.189,6,51443,14560,688703,80.115217
103.181.164.189,10.21.25.167,6,14560,51443,5954095,80.060137
10.21.25.167,113.56.147.188,6,51444,443,3400,5.057835
113.56.147.188,10.21.25.167,6,443,51444,2258,5.054743
10.21.25.167,103.181.164.189,6,27838,14560,4117,2.732358
10.21.25.167,103.181.164.189,6,61465,14560,4516,2.705592
103.181.164.189,10.21.25.167,6,14560,27838,8185,2.679784
10.21.24.30,239.255.255.250,2,0,0,56,0.001000
103.181.164.189,10.21.25.167,6,14560,61465,24060,2.654793
10.21.25.167,103.181.164.189,6,62695,14560,10473,79.521013
103.181.164.189,10.21.25.167,6,14560,62695,217918,79.469927
10.21.25.167,103.181.164.189,6,53808,14560,5451,2.969919
103.181.164.189,10.21.25.167,6,14560,53808,71202,2.919200
10.21.25.167,103.181.164.189,6,41163,14560,5346,77.721633
103.181.164.189,10.21.25.167,6,14560,41163,8583,77.671403
10.21.25.55,224.0.0.252,17,63852,5355,150,0.408556
10.21.25.167,103.181.164.189,6,27479,14560,6641,77.548200
103.181.164.189,10.21.25.167,6,14560,27479,32430,77.495138
10.21.30.49,239.255.255.250,17,15230,1900,642,0.001000
10.21.25.167,103.181.164.189,6,52054,14560,5761,77.024739
103.181.164.189,10.21.25.167,6,14560,52054,7462,76.974348
10.21.30.172,239.255.255.250,17,9042,1900,642,0.001000
10.21.25.167,103.181.164.189,6,12349,14560,2350,0.129258
10.21.25.167,103.181.164.189,6,12350,14560,7373,76.340876
10.21.25.167,103.181.164.189,6,12351,14560,26107,76.346034
10.21.25.167,103.181.164.189,6,12352,14560,2400,0.187813
10.21.25.167,103.181.164.189,6,12353,14560,2588,0.179839
10.21.25.167,103.181.164.189,6,12354,14560,2346,0.124919
10.21.25.167,103.181.164.189,6,12355,14560,23730,76.306790
10.21.25.167,103.181.164.189,6,12356,14560,7090,76.309615
10.21.25.167,103.181.164.189,6,12357,14560,3085,11.178142
10.21.25.167,103.181.164.189,6,12358,14560,3120,0.213262
10.21.25.167,103.181.164.189,6,12359,14560,4609,76.308466
10.21.25.167,103.181.164.189,6,12360,14560,3954,76.307757
10.21.25.167,103.181.164.189,6,12361,14560,5150,76.302647
10.21.25.167,103.181.164.189,6,12362,14560,2350,0.126114
10.21.25.167,103.181.164.189,6,12363,14560,2412,0.132387
10.21.25.167,103.181.164.189,6,12364,14560,2829,0.127165
10.21.25.167,103.181.164.189,6,12365,14560,508,0.121267
10.21.25.167,103.181.164.189,6,12366,14560,2318,0.143331
10.21.25.167,103.181.164.189,6,12367,14560,2448,0.127668
10.21.25.167,103.181.164.189,6,12368,14560,2314,0.150688
103.181.164.189,10.21.25.167,6,14560,12350,44864,76.290993
103.181.164.189,10.21.25.167,6,14560,12353,10226,0.129595
103.181.164.189,10.21.25.167,6,14560,12351,740096,76.293759
103.181.164.189,10.21.25.167,6,14560,12349,10225,0.191124
103.181.164.189,10.21.25.167,6,14560,12352,6454,0.135655
103.181.164.189,10.21.25.167,6,14560,12354,6514,0.176506
103.181.164.189,10.21.25.167,6,14560,12355,880465,76.258056
103.181.164.189,10.21.25.167,6,14560,12356,129262,76.260158
103.181.164.189,10.21.25.167,6,14560,12361,7208,76.254142
103.181.164.189,10.21.25.167,6,14560,12362,10232,0.095262
103.181.164.189,10.21.25.167,6,14560,12358,2085,0.161023
103.181.164.189,10.21.25.167,6,14560,12368,6554,0.142133
103.181.164.189,10.21.25.167,6,14560,12357,2152,11.188965
103.181.164.189,10.21.25.167,6,14560,12360,7302,76.256551
103.181.164.189,10.21.25.167,6,14560,12359,11643,76.255450
103.181.164.189,10.21.25.167,6,14560,12365,306,0.069920
103.181.164.189,10.21.25.167,6,14560,12367,10226,0.092026
103.181.164.189,10.21.25.167,6,14560,12363,6548,0.099684
103.181.164.189,10.21.25.167,6,14560,12364,2000,0.099684
103.181.164.189,10.21.25.167,6,14560,12366,10260,0.102398
10.21.25.167,103.181.164.189,6,61026,14560,4311,76.189377
103.181.164.189,10.21.25.167,6,14560,61026,6974,76.133300
10.21.25.167,103.181.164.189,6,15804,14560,10831,43.531863
103.181.164.189,10.21.25.167,6,14560,15804,224954,43.532816
10.21.25.167,27.148.200.220,6,15805,80,454,60.153665
27.148.200.220,10.21.25.167,6,80,15805,576,60.131682
10.21.25.226,239.255.255.250,17,43193,1900,349,0.001000
10.21.25.167,103.181.164.189,6,30594,14560,3541,76.704226
10.21.28.58,224.0.0.252,17,57889,5355,148,0.293523
10.21.28.58,224.0.0.252,17,59629,5355,148,0.293523
10.21.25.167,103.181.164.189,6,33101,14560,199751,87.788266
103.181.164.189,10.21.25.167,6,14560,30594,11340,76.640321
103.181.164.189,10.21.25.167,6,14560,33101,295305,87.735064
10.21.25.167,103.181.164.189,6,9205,14560,11346,74.930663
103.181.164.189,10.21.25.167,6,14560,9205,5543,74.878689
10.21.25.167,103.181.164.189,6,45724,14560,4892,9.247177
103.181.164.189,10.21.25.167,6,14560,45724,2238,9.195123
10.21.25.167,110.249.194.67,6,45725,80,4351,21.413716
110.249.194.67,10.21.25.167,6,80,45725,796,21.411211
10.21.25.167,103.181.164.189,6,7146,14560,7942,1.080742
10.21.29.75,239.255.255.250,17,51835,1900,175,0.001000
103.181.164.189,10.21.25.167,6,14560,7146,88593,1.079065
10.21.25.167,103.181.164.189,6,26250,14560,7020,0.584242
103.181.164.189,10.21.25.167,6,14560,26250,5452,0.534206
10.21.25.167,103.181.164.189,6,51476,14560,4708,73.360898
10.21.25.167,103.181.164.189,6,32141,14560,109439,57.916232
103.181.164.189,10.21.25.167,6,14560,51476,12419,73.303467
103.181.164.189,10.21.25.167,6,14560,32141,4998926,57.864612
10.21.25.167,103.181.164.189,6,32143,14560,4222,7.613988
103.181.164.189,10.21.25.167,6,14560,32143,6234,7.561323
10.21.25.167,103.181.164.189,6,60981,14560,2895,61.393998
103.181.164.189,10.21.25.167,6,14560,60981,1007,61.394625
10.21.26.69,239.255.255.250,17,4567,1900,181,0.001000
10.21.25.167,103.181.164.189,6,60983,14560,1074,0.106757
103.181.164.189,10.21.25.167,6,14560,60983,426,0.106613
10.21.25.167,103.181.164.189,6,60985,14560,807,0.117673
103.181.164.189,10.21.25.167,6,14560,60985,426,0.121605
10.21.25.167,103.181.164.189,6,17866,14560,3868,72.127178
103.181.164.189,10.21.25.167,6,14560,17866,7058,72.073902
10.21.31.10,239.255.255.250,17,4567,1900,181,0.001000
10.21.25.167,113.56.147.188,6,17867,443,2594,10.546447
113.56.147.188,10.21.25.167,6,443,17867,6170,10.539936
10.21.25.167,103.181.164.189,6,53975,14560,4314,70.451143
103.181.164.189,10.21.25.167,6,14560,53975,14013,70.393075
10.21.24.30,224.0.0.251,17,5353,5353,428,3.995022
10.21.28.38,239.255.255.250,17,12894,1900,642,0.001000
10.21.25.167,103.181.164.189,6,9994,14560,10647,68.058320
103.181.164.189,10.21.25.167,6,14560,9994,6694,68.001970
10.21.25.167,58.19.160.64,6,9995,443,3492,0.113480
58.19.160.64,10.21.25.167,6,443,9995,6996,0.113631
10.21.29.33,224.0.0.251,2,0,0,112,90.007396
10.21.29.33,224.0.0.251,17,5353,5353,12360,97.175560
10.21.25.167,27.148.200.220,6,9996,80,330,15.049897
10.21.29.6,224.0.0.251,17,5353,5353,307,27.035819
10.21.19.100,10.21.23.255,17,37446,5684,617,0.001000
10.21.19.100,10.21.23.255,17,49087,5684,617,0.001000
10.21.25.167,27.148.200.220,6,9997,80,407,0.074951
10.21.25.167,119.91.240.3,6,9998,80,879,0.165052
27.148.200.220,10.21.25.167,6,80,9997,463,0.050487
119.91.240.3,10.21.25.167,6,80,9998,871,0.112052
10.21.19.100,10.21.23.255,17,38524,5684,617,0.001000
10.21.30.49,239.255.255.250,17,15355,1900,642,0.001554
10.21.30.172,239.255.255.250,17,3716,1900,642,0.001000
10.21.31.201,224.0.0.251,17,36016,5353,648,10.033148
10.21.24.127,10.21.31.255,17,5684,5684,12615,25.394346
10.21.28.238,10.21.31.255,17,43241,5684,617,0.001000
10.21.28.238,10.21.31.255,17,43399,5684,617,0.001000
10.21.28.238,10.21.31.255,17,46536,5684,617,0.001000
10.21.28.238,10.21.31.255,17,47310,5684,617,0.001000
10.21.28.204,10.21.31.255,17,39580,5684,618,0.001000
10.21.28.204,10.21.31.255,17,42560,5684,618,0.001000
10.21.29.114,10.21.31.255,17,137,137,1486,45.660935
10.21.28.204,10.21.31.255,17,37796,5684,618,0.001000
10.21.28.238,10.21.31.255,17,40578,5684,617,0.001000
10.21.28.204,10.21.31.255,17,49399,5684,618,0.001000
10.21.30.237,239.255.255.250,17,2200,2200,17186,2.764190
10.21.29.114,224.0.0.251,17,5353,5353,1240,13.315008
10.21.29.114,224.0.0.252,17,51160,5355,75,0.001000
10.21.25.167,103.181.164.189,6,64676,14560,1074,0.135878
103.181.164.189,10.21.25.167,6,14560,64676,426,0.115169
10.21.25.167,103.181.164.189,6,64678,14560,807,0.114482
103.181.164.189,10.21.25.167,6,14560,64678,426,0.110957
10.21.28.238,10.21.31.255,17,44840,5684,617,0.001000
10.21.28.204,10.21.31.255,17,37872,5684,618,0.001000
10.21.28.238,10.21.31.255,17,39502,5684,617,0.001000
10.21.28.204,10.21.31.255,17,44258,5684,618,0.001000
10.21.28.238,10.21.31.255,17,42991,5684,617,0.001000
10.21.28.238,10.21.31.255,17,43348,5684,617,0.001000
10.21.28.238,10.21.31.255,17,40903,5684,617,0.001000
10.21.28.204,10.21.31.255,17,46408,5684,618,0.001000
10.21.31.214,10.21.31.255,17,138,138,243,0.001000
10.21.28.238,10.21.31.255,17,49575,5684,617,0.001000
10.21.28.238,10.21.31.255,17,42231,5684,617,0.001000
10.21.28.204,10.21.31.255,17,47838,5684,618,0.001000
10.21.28.238,10.21.31.255,17,42890,5684,617,0.001000
10.21.28.238,10.21.31.255,17,44070,5684,617,0.001000
10.21.28.204,10.21.31.255,17,41893,5684,618,0.001000
10.21.28.238,10.21.31.255,17,39714,5684,617,0.001000
10.21.28.238,10.21.31.255,17,46833,5684,617,0.001000
10.21.28.204,10.21.31.255,17,44992,5684,618,0.001000
10.21.28.238,10.21.31.255,17,44770,5684,617,0.001000
10.21.28.238,10.21.31.255,17,43959,5684,617,0.001000
10.21.28.38,239.255.255.250,17,6584,1900,642,0.001000
10.21.28.238,10.21.31.255,17,43269,5684,617,0.001000
10.21.28.238,10.21.31.255,17,38360,5684,617,0.001000
10.21.28.204,10.21.31.255,17,46368,5684,618,0.001000
10.21.28.238,10.21.31.255,17,45951,5684,617,0.001000
10.21.28.238,10.21.31.255,17,41019,5684,617,0.001000
10.21.25.47,239.255.255.250,17,51901,1900,876,3.071824
10.21.28.238,10.21.31.255,17,37771,5684,617,0.001000
10.21.28.166,10.21.31.255,17,138,138,243,0.001000
10.21.25.167,113.57.56.232,6,28976,443,1221,0.382652
113.57.56.232,10.21.25.167,6,443,28976,6072,0.380348
10.21.28.238,10.21.31.255,17,44178,5684,617,0.001000
10.21.25.167,157.255.5.55,6,37009,443,534,0.090825
157.255.5.55,10.21.25.167,6,443,37009,259,0.001000
10.21.29.114,239.255.255.250,17,60049,1900,868,2.971294
10.21.29.114,239.255.255.250,17,60050,1900,868,2.971031
10.21.29.114,239.255.255.250,17,60051,1900,828,2.971095
10.21.29.114,239.255.255.250,17,63730,1900,876,2.970927
10.21.30.49,239.255.255.250,17,8148,1900,642,0.001000
10.21.30.172,239.255.255.250,17,2839,1900,642,0.001000
10.21.26.57,10.21.31.255,17,138,138,243,0.001000
10.21.28.166,224.0.0.251,17,5353,5353,712,0.409142
10.21.25.167,27.148.200.211,6,28977,80,367,0.114812
27.148.200.211,10.21.25.167,6,80,28977,576,0.075066
10.21.31.80,224.0.0.251,17,5353,5353,372,13.013069
10.21.25.167,119.91.67.107,6,28978,80,568,0.120774
119.91.67.107,10.21.25.167,6,80,28978,555,0.081926
10.21.28.58,224.0.0.252,17,57218,5355,148,0.418552
10.21.28.58,224.0.0.252,17,61651,5355,148,0.418552
10.21.25.191,239.255.255.250,17,2200,2200,17930,2.764519
10.21.25.167,211.91.143.220,6,21551,443,2782,60.175657
211.91.143.220,10.21.25.167,6,443,21551,6810,60.185935
10.21.25.167,103.181.164.189,6,21553,14560,1074,0.107774
103.181.164.189,10.21.25.167,6,14560,21553,426,0.108186
10.21.25.167,103.181.164.189,6,47402,14560,58039,40.737422
10.21.25.167,103.181.164.189,6,47404,14560,807,0.097338
103.181.164.189,10.21.25.167,6,14560,47402,2424180,40.686637
103.181.164.189,10.21.25.167,6,14560,47404,426,0.097217
10.21.25.55,224.0.0.251,17,5353,5353,6732,64.818151
10.21.29.17,239.255.255.250,17,54635,1900,876,3.072433
10.21.25.212,10.21.31.255,17,137,137,276,1.535806
10.21.25.212,224.0.0.252,17,50425,5355,128,0.409213
10.21.25.212,224.0.0.252,17,58402,5355,128,0.408041
10.21.28.38,239.255.255.250,17,2090,1900,642,0.001000
10.21.28.166,224.0.0.252,17,52256,5355,150,0.413330
10.21.25.167,103.181.164.189,6,55594,14560,3083,12.262286
103.181.164.189,10.21.25.167,6,14560,55594,2152,12.263338
10.21.31.17,239.255.255.250,17,59952,1900,848,2.970093
10.21.31.17,239.255.255.250,17,59953,1900,848,2.968325
10.21.25.167,103.181.164.189,6,19893,14560,2849,32.326680
103.181.164.189,10.21.25.167,6,14560,19893,5458,32.274785
10.21.30.49,239.255.255.250,17,11706,1900,642,0.102996
10.21.30.172,239.255.255.250,17,1650,1900,642,0.001000
10.21.28.95,10.21.31.255,17,5684,5684,5196,4.300739
10.21.24.196,239.255.255.250,17,4595,1900,642,0.001000
10.21.30.125,10.21.31.255,17,5684,5684,5364,4.505728
10.21.25.167,110.249.194.67,6,35942,80,6175,35.705294
110.249.194.67,10.21.25.167,6,80,35942,1041,35.705149
10.21.27.82,239.255.255.250,17,59904,1900,848,2.973305
10.21.26.161,224.0.0.251,2,0,0,56,0.001000
10.21.26.161,224.0.0.251,17,5353,5353,498,0.203441
10.21.29.72,224.0.0.251,2,0,0,56,0.001000
10.21.29.72,224.0.0.251,17,5353,5353,943,1.331175
10.21.24.10,224.0.0.251,2,0,0,224,32.153282
10.21.29.6,239.255.255.250,17,4567,1900,181,0.001000
10.21.25.167,103.181.164.189,6,35944,14560,1074,0.136663
103.181.164.189,10.21.25.167,6,14560,35944,426,0.118617
10.21.25.167,103.181.164.189,6,35946,14560,807,0.107756
103.181.164.189,10.21.25.167,6,14560,35946,426,0.107871
10.21.28.38,239.255.255.250,17,11924,1900,642,0.001000
10.21.25.167,103.181.164.189,6,33015,14560,5831,22.668523
103.181.164.189,10.21.25.167,6,14560,33015,4262,22.612437
10.21.24.109,224.0.0.251,17,5353,5353,1737,3.995699
10.21.25.167,239.255.255.250,17,50120,1900,848,3.028406
10.21.25.167,202.114.0.131,17,58125,53,236,8.179080
10.21.25.167,202.114.0.131,17,61326,53,166,8.177832
202.114.0.131,10.21.25.167,17,53,58125,620,8.175013
202.114.0.131,10.21.25.167,17,53,61326,468,8.175013
10.21.25.167,113.56.147.188,6,33016,443,2478,5.076382
10.21.25.167,122.188.187.56,6,33017,443,1418,4.273688
113.56.147.188,10.21.25.167,6,443,33016,2198,5.064721
122.188.187.56,10.21.25.167,6,443,33017,1733,4.263210
10.21.28.22,239.255.255.250,17,2200,2200,21270,51.506893
10.21.30.246,10.21.31.255,17,5684,5684,5016,4.505586
10.21.24.168,224.0.0.251,17,5353,5353,1632,4.402820
10.21.30.49,239.255.255.250,17,13363,1900,642,0.001000
10.21.25.167,103.181.164.189,6,42416,14560,5599,17.107328
103.181.164.189,10.21.25.167,6,14560,42416,8057,17.057808
10.21.30.172,239.255.255.250,17,12442,1900,642,0.001000
10.21.25.167,103.181.164.189,6,44997,14560,2600,11.118217
103.181.164.189,10.21.25.167,6,14560,44997,4792,11.120506
10.21.25.167,103.181.164.189,6,63048,14560,2564,15.585973
103.181.164.189,10.21.25.167,6,14560,63048,5392,15.535774
10.21.25.167,103.181.164.189,6,22045,14560,10062,15.537176
103.181.164.189,10.21.25.167,6,14560,22045,8410,15.483417
10.21.25.167,103.181.164.189,6,45021,14560,2630,15.364852
103.181.164.189,10.21.25.167,6,14560,45021,5393,15.313626
10.21.25.167,103.181.164.189,6,8261,14560,5643,14.752710
103.181.164.189,10.21.25.167,6,14560,8261,2001,14.700886
10.21.25.167,103.181.164.189,6,44027,14560,3556,5.864049
103.181.164.189,10.21.25.167,6,14560,44027,6264,5.803631
10.21.25.167,110.249.194.67,6,44028,80,1717,15.072820
110.249.194.67,10.21.25.167,6,80,44028,491,15.070290
10.21.30.187,10.21.31.255,17,137,137,1320,2.253553
10.21.25.167,103.181.164.189,6,44030,14560,4134,12.827661
103.181.164.189,10.21.25.167,6,14560,44030,6202,12.776556
10.21.30.187,224.0.0.252,17,50281,5355,150,0.413710
49.4.36.211,10.21.25.167,6,5223,47849,120,0.022515
10.21.25.167,49.4.36.211,6,47849,5223,108,0.001000
10.21.25.167,121.36.117.8,6,44033,443,1643,0.671719
121.36.117.8,10.21.25.167,6,443,44033,9137,0.650421
10.21.28.58,224.0.0.252,17,52211,5355,148,0.408789
10.21.28.58,224.0.0.252,17,64541,5355,148,0.408659
10.21.25.167,103.181.164.189,6,44035,14560,1074,0.111618
10.21.25.167,49.4.36.211,6,44036,5223,497,0.130551
103.181.164.189,10.21.25.167,6,14560,44035,426,0.112589
49.4.36.211,10.21.25.167,6,5223,44036,315,0.053241
10.21.25.167,103.181.164.189,6,44038,14560,807,0.134149
10.21.28.95,224.0.0.251,17,5353,5353,3117,41.063039
10.21.28.95,10.21.31.255,17,55533,55533,3117,41.062290
103.181.164.189,10.21.25.167,6,14560,44038,426,0.133155
10.21.30.220,239.255.255.250,17,58901,1900,876,2.969778
10.21.28.95,10.21.31.255,17,7083,7083,6004,40.653495
10.21.25.167,103.181.164.189,6,46350,14560,3897,10.829201
103.181.164.189,10.21.25.167,6,14560,46350,6873,10.776969
10.21.30.220,224.0.0.251,17,5353,5353,840,25.497385
10.21.30.220,224.0.0.252,17,61559,5355,128,0.408720
10.21.30.220,10.21.31.255,17,137,137,1104,24.985591
10.21.25.167,27.44.123.114,6,46351,8081,2340,0.050746
27.44.123.114,10.21.25.167,6,8081,46351,246,0.025221
10.21.28.38,239.255.255.250,17,11644,1900,642,0.001000
10.21.25.218,239.255.255.250,17,55239,1900,179,0.001000
10.21.27.43,239.255.255.250,17,60611,1900,537,5.939383
10.21.30.220,224.0.0.252,17,54210,5355,128,0.408841
10.21.29.124,224.0.0.251,17,5353,5353,91,0.001000
10.21.26.74,239.255.255.250,17,64487,1900,848,3.071713
10.21.25.167,202.114.0.131,17,58252,53,82,0.001000
10.21.25.167,202.114.0.131,17,64409,53,82,0.001000
10.21.25.167,202.114.0.242,17,58252,53,82,0.001000
10.21.25.167,202.114.0.242,17,64409,53,82,0.001000
202.114.0.242,10.21.25.167,17,53,58252,153,0.001000
202.114.0.242,10.21.25.167,17,53,64409,203,0.001000
202.114.0.131,10.21.25.167,17,53,58252,153,0.001000
202.114.0.131,10.21.25.167,17,53,64409,203,0.001000
10.21.25.167,27.148.200.220,6,42329,80,407,0.092036
10.21.25.167,119.91.240.3,6,42330,80,879,0.145169
27.148.200.220,10.21.25.167,6,80,42329,463,0.067390
119.91.240.3,10.21.25.167,6,80,42330,871,0.099319
10.21.25.129,224.0.0.251,17,5353,5353,3514,1.328743
10.21.30.49,239.255.255.250,17,7226,1900,642,0.001000
10.21.25.167,103.181.164.189,6,35487,14560,5263,2.087797
10.21.25.167,103.181.164.189,6,35488,14560,2600,2.081517
10.21.25.167,103.181.164.189,6,35489,14560,6029,2.085341
10.21.25.167,103.181.164.189,6,35490,14560,4621,2.080845
103.181.164.189,10.21.25.167,6,14560,35487,4281,2.035677
103.181.164.189,10.21.25.167,6,14560,35488,4792,2.030221
103.181.164.189,10.21.25.167,6,14560,35490,4042,2.026086
103.181.164.189,10.21.25.167,6,14560,35489,4039,2.030475
10.21.30.172,239.255.255.250,17,8793,1900,642,0.001000
10.21.24.95,224.0.0.251,2,0,0,56,0.001000
10.21.24.95,224.0.0.251,17,5353,5353,1029,4.001068
10.21.30.94,10.21.31.255,17,138,138,243,0.001000
10.21.25.55,239.255.255.250,17,54081,1900,848,2.969668
10.21.25.167,103.181.164.189,6,2349,14560,56543,32.064060
103.181.164.189,10.21.25.167,6,14560,2349,177275,32.072174
10.21.25.167,103.181.164.189,6,4442,14560,5374,30.800808
103.181.164.189,10.21.25.167,6,14560,4442,3384,30.803199
10.21.25.167,103.181.164.189,6,35830,14560,4881,30.384598
103.181.164.189,10.21.25.167,6,14560,35830,4850,30.385089
10.21.25.131,10.21.31.255,17,5684,5684,5148,4.610401
10.21.25.167,103.181.164.189,6,47428,14560,2581,0.212120
103.181.164.189,10.21.25.167,6,14560,47428,1861,0.212685
10.21.25.167,103.181.164.189,6,53892,14560,2406,0.201397
10.21.25.167,103.181.164.189,6,53893,14560,2406,0.201222
10.21.25.167,103.181.164.189,6,53894,14560,2310,0.196143
10.21.25.167,103.181.164.189,6,53895,14560,2406,0.196470
103.181.164.189,10.21.25.167,6,14560,53892,366,0.150561
103.181.164.189,10.21.25.167,6,14560,53893,432,0.149050
103.181.164.189,10.21.25.167,6,14560,53894,366,0.146198
103.181.164.189,10.21.25.167,6,14560,53895,366,0.142282
10.21.25.167,103.181.164.189,6,64427,14560,2632,11.117732
103.181.164.189,10.21.25.167,6,14560,64427,4791,11.117833
10.21.25.167,103.181.164.189,6,61947,14560,6952,17.077547
10.21.25.167,103.181.164.189,6,61948,14560,50944,29.447958
10.21.25.167,103.181.164.189,6,15930,14560,2423,30.594783
103.181.164.189,10.21.25.167,6,14560,61947,5579,17.025302
103.181.164.189,10.21.25.167,6,14560,61948,7967,29.497188
103.181.164.189,10.21.25.167,6,14560,15930,5338,30.596654
10.21.27.232,239.255.255.250,17,61083,1900,848,3.071841
10.21.25.167,103.181.164.189,6,2345,14560,13159,11.153056
103.181.164.189,10.21.25.167,6,14560,2345,12850,11.099356
10.21.25.167,103.181.164.189,6,4996,14560,6804,0.361761
103.181.164.189,10.21.25.167,6,14560,4996,4857,0.360440
10.21.30.86,239.255.255.250,17,12918,1900,642,0.001000
10.21.25.167,103.181.164.189,6,4998,14560,1074,0.100558
10.21.25.167,103.181.164.189,6,8086,14560,10142,4.312233
10.21.25.167,103.181.164.189,6,8087,14560,2604,3.355565
10.21.25.167,103.181.164.189,6,8088,14560,2708,6.862539
10.21.25.167,103.181.164.189,6,20292,14560,2658,7.058692
10.21.25.167,103.181.164.189,6,20293,14560,2643,7.001147
103.181.164.189,10.21.25.167,6,14560,4998,426,0.098741
103.181.164.189,10.21.25.167,6,14560,8087,5310,3.308560
103.181.164.189,10.21.25.167,6,14560,8088,7378,6.813534
103.181.164.189,10.21.25.167,6,14560,8086,8641,4.261223
103.181.164.189,10.21.25.167,6,14560,20292,7324,7.005942
103.181.164.189,10.21.25.167,6,14560,20293,6418,6.946986
10.21.25.167,103.181.164.189,6,20295,14560,807,0.106912
10.21.25.167,103.181.164.189,6,45031,14560,2382,15.554363
103.181.164.189,10.21.25.167,6,14560,20295,426,0.106810
103.181.164.189,10.21.25.167,6,14560,45031,426,15.556558
10.21.25.167,103.181.164.189,6,9317,14560,3665,8.394685
10.21.25.167,103.181.164.189,6,51654,14560,3581,3.439191
10.21.25.167,103.181.164.189,6,13478,14560,2390,17.111552
10.21.25.167,103.181.164.189,6,13479,14560,3401,7.785228
10.21.25.167,103.181.164.189,6,45803,14560,3416,8.351217
103.181.164.189,10.21.25.167,6,14560,9317,6903,8.343823
103.181.164.189,10.21.25.167,6,14560,51654,7525,3.437881
10.21.25.167,103.181.164.189,6,24387,14560,2812,7.000951
103.181.164.189,10.21.25.167,6,14560,13478,486,17.119717
103.181.164.189,10.21.25.167,6,14560,13479,5925,7.735604
103.181.164.189,10.21.25.167,6,14560,45803,6797,8.297934
103.181.164.189,10.21.25.167,6,14560,24387,6066,6.947514
10.21.27.232,239.255.255.250,17,49889,1900,537,5.939245
10.21.25.167,103.181.164.189,6,17878,14560,5113,13.806358
103.181.164.189,10.21.25.167,6,14560,17878,5598,13.809468
10.21.25.167,103.181.164.189,6,8560,14560,6499,7.954545
103.181.164.189,10.21.25.167,6,14560,8560,9391,7.903060
10.21.25.167,103.181.164.189,6,8562,14560,6396,0.625188
103.181.164.189,10.21.25.167,6,14560,8562,16489,0.534829
10.21.25.167,103.181.164.189,6,63270,14560,10306,7.231369
10.21.25.167,103.181.164.189,6,32031,14560,16120,6.539787
103.181.164.189,10.21.25.167,6,14560,63270,102416,7.230204
10.21.25.167,103.181.164.189,6,16028,14560,5588,12.039399
10.21.25.167,103.181.164.189,6,64193,14560,4016,15.210997
10.21.25.167,103.181.164.189,6,5712,14560,3433,6.731238
103.181.164.189,10.21.25.167,6,14560,32031,19747,6.579170
103.181.164.189,10.21.25.167,6,14560,16028,5208,12.039561
103.181.164.189,10.21.25.167,6,14560,64193,5877,15.213148
103.181.164.189,10.21.25.167,6,14560,5712,5613,6.679733
10.21.25.167,103.181.164.189,6,57103,14560,3875,0.802051
10.21.25.167,103.181.164.189,6,14482,14560,4406,6.193687
10.21.25.167,103.181.164.189,6,5296,14560,10934,6.925809
10.21.28.36,239.255.255.250,17,2200,2200,17565,3.277532
103.181.164.189,10.21.25.167,6,14560,57103,4661,0.696413
103.181.164.189,10.21.25.167,6,14560,14482,17193,6.141548
103.181.164.189,10.21.25.167,6,14560,5296,20997,6.874683
10.21.25.167,103.181.164.189,6,23659,14560,5082,10.572308
10.21.25.167,103.181.164.189,6,17664,14560,3411,10.479338
103.181.164.189,10.21.25.167,6,14560,23659,6211,10.517688
103.181.164.189,10.21.25.167,6,14560,17664,6546,10.482369
10.21.25.167,103.181.164.189,6,2015,14560,8232,6.738740
10.21.25.167,103.181.164.189,6,53094,14560,4128,1.468729
103.181.164.189,10.21.25.167,6,14560,2015,14565,6.686849
103.181.164.189,10.21.25.167,6,14560,53094,7325,1.416884
10.21.25.167,103.181.164.189,6,55379,14560,81859,13.633373
10.21.25.167,103.181.164.189,6,19673,14560,5589,5.685013
103.181.164.189,10.21.25.167,6,14560,55379,10250,13.629260
103.181.164.189,10.21.25.167,6,14560,19673,6246,5.633889
10.21.25.167,103.181.164.189,6,10723,14560,11768,6.245724
103.181.164.189,10.21.25.167,6,14560,10723,6954,6.191930
10.21.28.38,239.255.255.250,17,9536,1900,642,0.001000
10.21.25.167,103.181.164.189,6,1162,14560,6239,5.591609
103.181.164.189,10.21.25.167,6,14560,1162,7737,5.539348
10.21.25.167,103.181.164.189,6,4052,14560,5557,5.277523
10.21.25.167,103.181.164.189,6,4053,14560,2823,5.283824
10.21.25.167,103.181.164.189,6,59612,14560,3704,4.986563
103.181.164.189,10.21.25.167,6,14560,4052,3983,5.224402
103.181.164.189,10.21.25.167,6,14560,59612,1956,4.925234
10.21.28.158,224.0.0.251,2,0,0,56,0.001000
10.21.28.158,224.0.0.251,17,5353,5353,1319,13.026748
10.21.25.167,103.181.164.189,6,11838,14560,4193,2.484079
10.21.25.167,103.181.164.189,6,40427,14560,80738,22.571496
103.181.164.189,10.21.25.167,6,14560,11838,7447,2.433921
103.181.164.189,10.21.25.167,6,14560,40427,8408,22.513125
103.181.164.189,10.21.25.167,6,14560,4053,702,4.213634
10.21.26.57,239.255.255.250,17,62291,1900,848,2.970979
10.21.25.167,202.114.0.131,17,57554,53,75,0.001000
202.114.0.131,10.21.25.167,17,53,57554,203,0.001000
10.21.25.167,113.57.56.232,6,20485,443,1047,0.062648
113.57.56.232,10.21.25.167,6,443,20485,7182,0.060026
10.21.25.167,103.181.164.189,6,47648,14560,57085,1.702291
10.21.25.167,103.181.164.189,6,47649,14560,2665,5.426854
103.181.164.189,10.21.25.167,6,14560,47648,44678,1.646793
103.181.164.189,10.21.25.167,6,14560,47649,702,5.369377
10.21.25.167,103.181.164.189,6,9789,14560,6023,12.362040
103.181.164.189,10.21.25.167,6,14560,9789,882,12.313254
10.21.25.167,103.181.164.189,6,4397,14560,3945,1.127447
103.181.164.189,10.21.25.167,6,14560,4397,13437,1.074326
10.21.25.167,103.181.164.189,6,31694,14560,4382,1.366603
103.181.164.189,10.21.25.167,6,14560,31694,2953,1.318948
10.21.28.96,239.255.255.250,17,52388,1900,848,2.972511
10.21.25.167,103.181.164.189,6,26566,14560,13066,4.363699
103.181.164.189,10.21.25.167,6,14560,26566,193228,4.309633
10.21.25.167,103.181.164.189,6,36382,14560,3940,0.729725
103.181.164.189,10.21.25.167,6,14560,36382,19625,0.674838
10.21.25.167,103.181.164.189,6,54930,14560,4206,0.637261
103.181.164.189,10.21.25.167,6,14560,54930,19949,0.587230
10.21.25.167,103.181.164.189,6,19131,14560,5553,0.690688
10.21.25.167,103.181.164.189,6,27881,14560,2388,0.341556
103.181.164.189,10.21.25.167,6,14560,19131,22040,0.635243
103.181.164.189,10.21.25.167,6,14560,27881,426,0.287215
10.21.25.167,103.181.164.189,6,37499,14560,2420,0.231643
10.21.25.167,103.181.164.189,6,37500,14560,7219,0.931318
103.181.164.189,10.21.25.167,6,14560,37499,486,0.181457
103.181.164.189,10.21.25.167,6,14560,37500,79081,0.878264
10.21.25.167,103.181.164.189,6,15167,14560,2517,0.111991
10.21.25.167,103.181.164.189,6,61731,14560,21521,1.320146
10.21.25.167,103.181.164.189,6,61732,14560,2434,0.687703
10.21.25.167,103.181.164.189,6,61733,14560,4584,1.195267
10.21.25.167,103.181.164.189,6,61734,14560,2218,0.052769
10.21.25.167,103.181.164.189,6,61735,14560,2434,0.639740
10.21.25.167,103.181.164.189,6,61736,14560,2402,0.587223
10.21.25.167,103.181.164.189,6,61737,14560,4336,0.922700
10.21.25.167,103.181.164.189,6,61738,14560,2338,0.676687
10.21.25.167,103.181.164.189,6,52815,14560,5695,0.330469
103.181.164.189,10.21.25.167,6,14560,15167,644,0.148169
103.181.164.189,10.21.25.167,6,14560,61733,40707,1.098277
103.181.164.189,10.21.25.167,6,14560,61732,492,0.640432
103.181.164.189,10.21.25.167,6,14560,61734,246,0.053031
103.181.164.189,10.21.25.167,6,14560,61731,667434,1.266643
103.181.164.189,10.21.25.167,6,14560,61735,366,0.587941
103.181.164.189,10.21.25.167,6,14560,61736,6074,0.586269
103.181.164.189,10.21.25.167,6,14560,61737,30699,0.871464
103.181.164.189,10.21.25.167,6,14560,61738,486,0.624330
103.181.164.189,10.21.25.167,6,14560,52815,6241,0.371776
10.21.30.220,224.0.0.252,17,59139,5355,128,0.410443
10.21.30.49,239.255.255.250,17,2824,1900,642,0.001000
10.21.25.167,120.46.50.223,6,52816,443,9526,0.258278
120.46.50.223,10.21.25.167,6,443,52816,9143,0.235822
10.21.25.167,103.181.164.189,6,56957,14560,4952,0.379840
10.21.25.167,103.181.164.189,6,35378,14560,2640,0.684033
10.21.25.167,103.181.164.189,6,35379,14560,6396,0.668956
10.21.25.167,103.181.164.189,6,58991,14560,5844,0.329544
103.181.164.189,10.21.25.167,6,14560,56957,6815,0.324911
103.181.164.189,10.21.25.167,6,14560,35379,8168,0.571689
103.181.164.189,10.21.25.167,6,14560,35378,6104,0.587755
103.181.164.189,10.21.25.167,6,14560,58991,7136,0.220242
10.21.25.167,103.181.164.189,6,7699,14560,5243,0.301102
10.21.25.167,103.181.164.189,6,57967,14560,4709,0.731759
10.21.25.167,103.181.164.189,6,57968,14560,4827,0.299030
10.21.25.167,103.181.164.189,6,43901,14560,4116,0.353271
10.21.25.167,103.181.164.189,6,33997,14560,25911,5.651356
103.181.164.189,10.21.25.167,6,14560,7699,6607,0.250282
103.181.164.189,10.21.25.167,6,14560,57968,6694,0.249511
103.181.164.189,10.21.25.167,6,14560,57967,58715,0.632625
103.181.164.189,10.21.25.167,6,14560,43901,16477,0.396698
103.181.164.189,10.21.25.167,6,14560,33997,1180469,5.598662
10.21.30.172,239.255.255.250,17,10503,1900,642,0.001000
10.21.25.167,103.181.164.189,6,41773,14560,3416,0.236140
10.21.25.167,103.181.164.189,6,41774,14560,3974,0.848408
103.181.164.189,10.21.25.167,6,14560,41773,12700,0.281865
103.181.164.189,10.21.25.167,6,14560,41774,8297,0.796909
10.21.27.7,10.21.31.255,17,46911,5684,568,0.001000
10.21.25.167,103.181.164.189,6,34786,14560,9086,0.324656
10.21.27.7,10.21.31.255,17,57844,5684,568,0.001000
103.181.164.189,10.21.25.167,6,14560,34786,13263,0.279255
10.21.25.167,103.181.164.189,6,46271,14560,7593,5.263883
10.21.25.167,103.181.164.189,6,28865,14560,5564,10.634089
103.181.164.189,10.21.25.167,6,14560,28865,8111,10.637682
103.181.164.189,10.21.25.167,6,14560,46271,6081,5.259621
10.21.27.7,10.21.31.255,17,51841,5684,568,0.001000
10.21.25.167,103.181.164.189,6,12906,14560,2698,11.155549
103.181.164.189,10.21.25.167,6,14560,12906,4857,11.153099
10.21.25.167,110.249.194.67,6,12907,80,4807,7.587787
10.21.25.167,103.181.164.189,6,41972,14560,2736,0.446555
110.249.194.67,10.21.25.167,6,80,12907,676,7.554246
103.181.164.189,10.21.25.167,6,14560,41972,6793,0.396687
10.21.27.7,10.21.31.255,17,40640,5684,568,0.001000
10.21.25.167,103.181.164.189,6,31488,14560,6468,0.330858
103.181.164.189,10.21.25.167,6,14560,31488,103074,0.376964
10.21.25.167,103.181.164.189,6,23316,14560,2871,0.241510
10.21.26.49,255.255.255.255,17,68,67,358,0.001000
103.181.164.189,10.21.25.167,6,14560,23316,2920,0.130933
10.21.25.167,103.181.164.189,6,55977,14560,2464,0.404737
103.181.164.189,10.21.25.167,6,14560,55977,5274,0.405433
10.21.25.167,103.181.164.189,6,56216,14560,5460,0.743778
103.181.164.189,10.21.25.167,6,14560,56216,5164,0.745595
10.21.30.19,239.255.255.250,17,61255,1900,848,3.071490
10.21.25.167,103.181.164.189,6,49988,14560,2394,0.055018
10.21.25.167,103.181.164.189,6,30099,14560,7310,5.351265
103.181.164.189,10.21.25.167,6,14560,49988,306,0.064060
10.21.25.167,103.181.164.189,6,28636,14560,4984,3.269088
103.181.164.189,10.21.25.167,6,14560,30099,4353,5.404644
10.21.25.167,103.181.164.189,6,28638,14560,1074,0.102537
103.181.164.189,10.21.25.167,6,14560,28636,642,3.264446
103.181.164.189,10.21.25.167,6,14560,28638,426,0.108258
10.21.25.167,103.181.164.189,6,28640,14560,807,0.103471
103.181.164.189,10.21.25.167,6,14560,28640,426,0.104526
10.21.25.167,103.181.164.189,6,28642,14560,7122,0.686705
103.181.164.189,10.21.25.167,6,14560,28642,1679,0.588365
10.21.28.58,224.0.0.252,17,60063,5355,148,0.414912
10.21.28.58,224.0.0.252,17,57782,5355,148,0.414250
10.21.25.167,103.181.164.189,6,23079,14560,9953,1.303906
103.181.164.189,10.21.25.167,6,14560,23079,8178,1.186057
10.21.25.167,103.181.164.189,6,5273,14560,4337,1.530796
10.21.25.167,103.181.164.189,6,1384,14560,2194,0.057721
103.181.164.189,10.21.25.167,6,14560,5273,1426,1.531092
103.181.164.189,10.21.25.167,6,14560,1384,246,0.048775
10.21.28.38,239.255.255.250,17,1096,1900,642,0.001000
10.21.29.17,239.255.255.250,17,53114,1900,876,2.971263
10.21.29.149,10.21.31.255,17,137,137,276,1.537070
10.21.25.167,103.181.164.189,6,54412,14560,44522,7.945186
103.181.164.189,10.21.25.167,6,14560,54412,2365,7.877599
10.21.30.80,255.255.255.255,17,68,67,358,0.001000
10.21.30.80,224.0.0.252,17,49800,5355,150,0.408695
10.21.28.228,10.21.31.255,17,5684,5684,3171,1.941332
10.21.28.200,224.0.0.252,17,51100,5355,150,0.404836
10.21.30.49,239.255.255.250,17,10706,1900,642,0.001000
10.21.24.205,10.21.31.255,17,5684,5684,4104,3.072370
10.21.29.239,239.255.255.250,17,60020,1900,848,2.969286
10.21.30.172,239.255.255.250,17,7314,1900,642,0.001000
10.21.25.167,103.181.164.189,6,49718,14560,2436,0.824942
103.181.164.189,10.21.25.167,6,14560,49718,4672,0.820796
10.21.26.63,239.255.255.250,17,49749,1900,219,0.001000
